Name,Description,Latitude,Longitude,InfoURL,ImageURL
UCSB,A great university located along the California coast!,34.416929,-119.845991,"https://en.wikipedia.org/wiki/University_of_California, _Santa_Barbara",https://www.history.ucsb.edu/wp-content/uploads/LagoonFall20141.jpg    
"Ventura, CA","A beautiful city with gorgeous beaches and mountains, also my hometown",34.2805,-119.2945,https://visitventuraca.com/,https://www.cityofventura.ca.gov/ImageRepository/Document?documentID=6145
Olvera Street,A small street in Los Angeles with a rich history that helps to uphold the cities Mexican roots. My favorite place to get tacquitos.,34.0567,-118.2379,https://en.wikipedia.org/wiki/Olvera_Street,https://planning-org-uploaded-media.s3.amazonaws.com/legacy_resources/greatplaces/streets/2015/img/olvera01.jpg
Banc of California Stadium,The venue for the 2018/2019 Rolling Loud Festival,34.0126,-118.2841,https://en.wikipedia.org/wiki/Banc_of_California_Stadium,https://cdn.globaldanceelectronic.com/wp-content/uploads/2018/09/Screen-Shot-2018-09-06-at-11.48.42-AM.png
Maggie's on the Avenue,"The best Mexican food in Ventura, California",34.3262,-119.2902,https://www.yelp.com/biz/maggies-on-the-avenue-ventura,https://cdn.usarestaurants.info/assets/uploads/ac459b3a306662a8fbb9969ce495ab35_-united-states-california-ventura-county-ventura-953843-maggies-on-the-avenuehtm.jpg
"Ensenada, Baja California",An amazing city full of exciting things to see located in Baja California,31.8667,-116.5964,"https://en.wikipedia.org/wiki/Ensenada,_Baja_California",https://www.wheressharon.com/wp-content/uploads/2017/01/our-verdict.jpg